trace,BLOCKSIZE,L1_SIZE,L1_ASSOC,L2_SIZE,L2_ASSOC,PREF_N,PREF_M,L1_reads,L1_read_misses,L1_writes,L1_write_misses,MRL1,L1_writebacks,L2_reads_not_pref,L2_read_misses_not_pref,L2_reads_from_pref,L2_read_misses_from_pref,L2_writes,L2_write_misses,MRL2,L2_writebacks,L1_prefetches,L2_prefetches,total_mem_traffic,AAT_ns,TRACE
traces/gcc_trace.txt,32,1024,1,0,0,0,0,63640.0,12300.0,36360.0,7046.0,0.1935,8359.0,0.0,0.0,0.0,0.0,0.0,0.0,0.0,0.0,0.0,0.0,27705.0,4.159796,traces/gcc_trace.txt
traces/gcc_trace.txt,32,1024,2,0,0,0,0,63640.0,9623.0,36360.0,5980.0,0.156,7002.0,0.0,0.0,0.0,0.0,0.0,0.0,0.0,0.0,0.0,0.0,22605.0,3.4074530000000003,traces/gcc_trace.txt
traces/gcc_trace.txt,32,1024,4,0,0,0,0,63640.0,8449.0,36360.0,5821.0,0.1427,6689.0,0.0,0.0,0.0,0.0,0.0,0.0,0.0,0.0,0.0,0.0,20959.0,3.13952,traces/gcc_trace.txt
traces/gcc_trace.txt,32,1024,8,0,0,0,0,63640.0,7972.0,36360.0,5655.0,0.1363,6509.0,0.0,0.0,0.0,0.0,0.0,0.0,0.0,0.0,0.0,0.0,20136.0,3.0102770000000003,traces/gcc_trace.txt
traces/gcc_trace.txt,32,1024,32,0,0,0,0,63640.0,8099.0,36360.0,5597.0,0.137,6442.0,0.0,0.0,0.0,0.0,0.0,0.0,0.0,0.0,0.0,0.0,20138.0,3.024146,traces/gcc_trace.txt
traces/gcc_trace.txt,32,2048,1,0,0,0,0,63640.0,8905.0,36360.0,5869.0,0.1477,6713.0,0.0,0.0,0.0,0.0,0.0,0.0,0.0,0.0,0.0,0.0,21487.0,3.240824000000001,traces/gcc_trace.txt
traces/gcc_trace.txt,32,2048,2,0,0,0,0,63640.0,5994.0,36360.0,4720.0,0.1071,5391.0,0.0,0.0,0.0,0.0,0.0,0.0,0.0,0.0,0.0,0.0,16105.0,2.4247639999999997,traces/gcc_trace.txt
traces/gcc_trace.txt,32,2048,4,0,0,0,0,63640.0,5170.0,36360.0,4452.0,0.0962,4942.0,0.0,0.0,0.0,0.0,0.0,0.0,0.0,0.0,0.0,0.0,14564.0,2.205272,traces/gcc_trace.txt
traces/gcc_trace.txt,32,2048,8,0,0,0,0,63640.0,4744.0,36360.0,4325.0,0.0907,4788.0,0.0,0.0,0.0,0.0,0.0,0.0,0.0,0.0,0.0,0.0,13857.0,2.094119,traces/gcc_trace.txt
traces/gcc_trace.txt,32,2048,64,0,0,0,0,63640.0,4585.0,36360.0,4275.0,0.0886,4693.0,0.0,0.0,0.0,0.0,0.0,0.0,0.0,0.0,0.0,0.0,13553.0,2.05211,traces/gcc_trace.txt
traces/gcc_trace.txt,32,4096,1,0,0,0,0,63640.0,5883.0,36360.0,4134.0,0.1002,4675.0,0.0,0.0,0.0,0.0,0.0,0.0,0.0,0.0,0.0,0.0,14692.0,2.284667,traces/gcc_trace.txt
traces/gcc_trace.txt,32,4096,2,0,0,0,0,63640.0,4000.0,36360.0,3528.0,0.0753,3962.0,0.0,0.0,0.0,0.0,0.0,0.0,0.0,0.0,0.0,0.0,11490.0,1.784378,traces/gcc_trace.txt
traces/gcc_trace.txt,32,4096,4,0,0,0,0,63640.0,2941.0,36360.0,3051.0,0.0599,3369.0,0.0,0.0,0.0,0.0,0.0,0.0,0.0,0.0,0.0,0.0,9361.0,1.4756420000000001,traces/gcc_trace.txt
traces/gcc_trace.txt,32,4096,8,0,0,0,0,63640.0,2567.0,36360.0,2798.0,0.0537,3056.0,0.0,0.0,0.0,0.0,0.0,0.0,0.0,0.0,0.0,0.0,8421.0,1.3496150000000002,traces/gcc_trace.txt
traces/gcc_trace.txt,32,4096,128,0,0,0,0,63640.0,2356.0,36360.0,2598.0,0.0495,2861.0,0.0,0.0,0.0,0.0,0.0,0.0,0.0,0.0,0.0,0.0,7815.0,1.267004,traces/gcc_trace.txt
traces/gcc_trace.txt,32,8192,1,0,0,0,0,63640.0,3327.0,36360.0,3373.0,0.067,3574.0,0.0,0.0,0.0,0.0,0.0,0.0,0.0,0.0,0.0,0.0,10274.0,1.6179500000000002,traces/gcc_trace.txt
traces/gcc_trace.txt,32,8192,2,0,0,0,0,63640.0,2184.0,36360.0,2550.0,0.0473,2666.0,0.0,0.0,0.0,0.0,0.0,0.0,0.0,0.0,0.0,0.0,7400.0,1.222784,traces/gcc_trace.txt
traces/gcc_trace.txt,32,8192,4,0,0,0,0,63640.0,1844.0,36360.0,2403.0,0.0425,2496.0,0.0,0.0,0.0,0.0,0.0,0.0,0.0,0.0,0.0,0.0,6743.0,1.124897,traces/gcc_trace.txt
traces/gcc_trace.txt,32,8192,8,0,0,0,0,63640.0,1643.0,36360.0,2311.0,0.0395,2397.0,0.0,0.0,0.0,0.0,0.0,0.0,0.0,0.0,0.0,0.0,6351.0,1.066004,traces/gcc_trace.txt
traces/gcc_trace.txt,32,8192,256,0,0,0,0,63640.0,1629.0,36360.0,2283.0,0.0391,2378.0,0.0,0.0,0.0,0.0,0.0,0.0,0.0,0.0,0.0,0.0,6290.0,1.0575620000000001,traces/gcc_trace.txt
traces/gcc_trace.txt,32,16384,1,0,0,0,0,63640.0,1932.0,36360.0,2677.0,0.0461,2503.0,0.0,0.0,0.0,0.0,0.0,0.0,0.0,0.0,0.0,0.0,7112.0,1.197659,traces/gcc_trace.txt
traces/gcc_trace.txt,32,16384,2,0,0,0,0,63640.0,1161.0,36360.0,2223.0,0.0338,1965.0,0.0,0.0,0.0,0.0,0.0,0.0,0.0,0.0,0.0,0.0,5349.0,0.9514340000000001,traces/gcc_trace.txt
traces/gcc_trace.txt,32,16384,4,0,0,0,0,63640.0,741.0,36360.0,2091.0,0.0283,1782.0,0.0,0.0,0.0,0.0,0.0,0.0,0.0,0.0,0.0,0.0,4614.0,0.8404820000000001,traces/gcc_trace.txt
traces/gcc_trace.txt,32,16384,8,0,0,0,0,63640.0,681.0,36360.0,2093.0,0.0277,1773.0,0.0,0.0,0.0,0.0,0.0,0.0,0.0,0.0,0.0,0.0,4547.0,0.828824,traces/gcc_trace.txt
traces/gcc_trace.txt,32,16384,512,0,0,0,0,63640.0,555.0,36360.0,2079.0,0.0263,1754.0,0.0,0.0,0.0,0.0,0.0,0.0,0.0,0.0,0.0,0.0,4388.0,0.800684,traces/gcc_trace.txt
traces/gcc_trace.txt,32,32768,1,0,0,0,0,63640.0,1356.0,36360.0,2412.0,0.0377,1696.0,0.0,0.0,0.0,0.0,0.0,0.0,0.0,0.0,0.0,0.0,5464.0,1.028618,traces/gcc_trace.txt
traces/gcc_trace.txt,32,32768,2,0,0,0,0,63640.0,752.0,36360.0,2129.0,0.0288,1324.0,0.0,0.0,0.0,0.0,0.0,0.0,0.0,0.0,0.0,0.0,4205.0,0.8503310000000001,traces/gcc_trace.txt
traces/gcc_trace.txt,32,32768,4,0,0,0,0,63640.0,570.0,36360.0,2070.0,0.0264,1236.0,0.0,0.0,0.0,0.0,0.0,0.0,0.0,0.0,0.0,0.0,3876.0,0.80189,traces/gcc_trace.txt
traces/gcc_trace.txt,32,32768,8,0,0,0,0,63640.0,554.0,36360.0,2071.0,0.0262,1234.0,0.0,0.0,0.0,0.0,0.0,0.0,0.0,0.0,0.0,0.0,3859.0,0.798875,traces/gcc_trace.txt
traces/gcc_trace.txt,32,32768,1024,0,0,0,0,63640.0,554.0,36360.0,2070.0,0.0262,1233.0,0.0,0.0,0.0,0.0,0.0,0.0,0.0,0.0,0.0,0.0,3857.0,0.798674,traces/gcc_trace.txt
traces/gcc_trace.txt,32,65536,1,0,0,0,0,63640.0,986.0,36360.0,2306.0,0.0329,1282.0,0.0,0.0,0.0,0.0,0.0,0.0,0.0,0.0,0.0,0.0,4574.0,0.932942,traces/gcc_trace.txt
traces/gcc_trace.txt,32,65536,2,0,0,0,0,63640.0,639.0,36360.0,2074.0,0.0271,516.0,0.0,0.0,0.0,0.0,0.0,0.0,0.0,0.0,0.0,0.0,3229.0,0.816563,traces/gcc_trace.txt
traces/gcc_trace.txt,32,65536,4,0,0,0,0,63640.0,547.0,36360.0,2048.0,0.026,411.0,0.0,0.0,0.0,0.0,0.0,0.0,0.0,0.0,0.0,0.0,3006.0,0.792845,traces/gcc_trace.txt
traces/gcc_trace.txt,32,65536,8,0,0,0,0,63640.0,545.0,36360.0,2044.0,0.0259,290.0,0.0,0.0,0.0,0.0,0.0,0.0,0.0,0.0,0.0,0.0,2879.0,0.791639,traces/gcc_trace.txt
traces/gcc_trace.txt,32,65536,2048,0,0,0,0,63640.0,544.0,36360.0,2039.0,0.0258,242.0,0.0,0.0,0.0,0.0,0.0,0.0,0.0,0.0,0.0,0.0,2825.0,0.790433,traces/gcc_trace.txt
traces/gcc_trace.txt,32,131072,1,0,0,0,0,63640.0,937.0,36360.0,2296.0,0.0323,926.0,0.0,0.0,0.0,0.0,0.0,0.0,0.0,0.0,0.0,0.0,4159.0,0.921083,traces/gcc_trace.txt
traces/gcc_trace.txt,32,131072,2,0,0,0,0,63640.0,544.0,36360.0,2046.0,0.0259,303.0,0.0,0.0,0.0,0.0,0.0,0.0,0.0,0.0,0.0,0.0,2893.0,0.79184,traces/gcc_trace.txt
traces/gcc_trace.txt,32,131072,4,0,0,0,0,63640.0,544.0,36360.0,2038.0,0.0258,26.0,0.0,0.0,0.0,0.0,0.0,0.0,0.0,0.0,0.0,0.0,2608.0,0.790232,traces/gcc_trace.txt
traces/gcc_trace.txt,32,131072,8,0,0,0,0,63640.0,544.0,36360.0,2038.0,0.0258,4.0,0.0,0.0,0.0,0.0,0.0,0.0,0.0,0.0,0.0,0.0,2586.0,0.790232,traces/gcc_trace.txt
traces/gcc_trace.txt,32,131072,4096,0,0,0,0,63640.0,544.0,36360.0,2038.0,0.0258,0.0,0.0,0.0,0.0,0.0,0.0,0.0,0.0,0.0,0.0,0.0,2582.0,0.790232,traces/gcc_trace.txt
traces/gcc_trace.txt,32,262144,1,0,0,0,0,63640.0,544.0,36360.0,2040.0,0.0258,65.0,0.0,0.0,0.0,0.0,0.0,0.0,0.0,0.0,0.0,0.0,2649.0,0.790634,traces/gcc_trace.txt
traces/gcc_trace.txt,32,262144,2,0,0,0,0,63640.0,544.0,36360.0,2040.0,0.0258,55.0,0.0,0.0,0.0,0.0,0.0,0.0,0.0,0.0,0.0,0.0,2639.0,0.790634,traces/gcc_trace.txt
traces/gcc_trace.txt,32,262144,4,0,0,0,0,63640.0,544.0,36360.0,2038.0,0.0258,1.0,0.0,0.0,0.0,0.0,0.0,0.0,0.0,0.0,0.0,0.0,2583.0,0.790232,traces/gcc_trace.txt
traces/gcc_trace.txt,32,262144,8,0,0,0,0,63640.0,544.0,36360.0,2038.0,0.0258,0.0,0.0,0.0,0.0,0.0,0.0,0.0,0.0,0.0,0.0,0.0,2582.0,0.790232,traces/gcc_trace.txt
traces/gcc_trace.txt,32,262144,8192,0,0,0,0,63640.0,544.0,36360.0,2038.0,0.0258,0.0,0.0,0.0,0.0,0.0,0.0,0.0,0.0,0.0,0.0,0.0,2582.0,0.790232,traces/gcc_trace.txt
traces/gcc_trace.txt,32,524288,1,0,0,0,0,63640.0,544.0,36360.0,2040.0,0.0258,65.0,0.0,0.0,0.0,0.0,0.0,0.0,0.0,0.0,0.0,0.0,2649.0,0.790634,traces/gcc_trace.txt
traces/gcc_trace.txt,32,524288,2,0,0,0,0,63640.0,544.0,36360.0,2038.0,0.0258,0.0,0.0,0.0,0.0,0.0,0.0,0.0,0.0,0.0,0.0,0.0,2582.0,0.790232,traces/gcc_trace.txt
traces/gcc_trace.txt,32,524288,4,0,0,0,0,63640.0,544.0,36360.0,2038.0,0.0258,0.0,0.0,0.0,0.0,0.0,0.0,0.0,0.0,0.0,0.0,0.0,2582.0,0.790232,traces/gcc_trace.txt
traces/gcc_trace.txt,32,524288,8,0,0,0,0,63640.0,544.0,36360.0,2038.0,0.0258,0.0,0.0,0.0,0.0,0.0,0.0,0.0,0.0,0.0,0.0,0.0,2582.0,0.790232,traces/gcc_trace.txt
traces/gcc_trace.txt,32,524288,16384,0,0,0,0,63640.0,544.0,36360.0,2038.0,0.0258,0.0,0.0,0.0,0.0,0.0,0.0,0.0,0.0,0.0,0.0,0.0,2582.0,0.790232,traces/gcc_trace.txt
traces/gcc_trace.txt,32,1048576,1,0,0,0,0,63640.0,544.0,36360.0,2040.0,0.0258,54.0,0.0,0.0,0.0,0.0,0.0,0.0,0.0,0.0,0.0,0.0,2638.0,0.790634,traces/gcc_trace.txt
traces/gcc_trace.txt,32,1048576,2,0,0,0,0,63640.0,544.0,36360.0,2038.0,0.0258,0.0,0.0,0.0,0.0,0.0,0.0,0.0,0.0,0.0,0.0,0.0,2582.0,0.790232,traces/gcc_trace.txt
traces/gcc_trace.txt,32,1048576,4,0,0,0,0,63640.0,544.0,36360.0,2038.0,0.0258,0.0,0.0,0.0,0.0,0.0,0.0,0.0,0.0,0.0,0.0,0.0,2582.0,0.790232,traces/gcc_trace.txt
traces/gcc_trace.txt,32,1048576,8,0,0,0,0,63640.0,544.0,36360.0,2038.0,0.0258,0.0,0.0,0.0,0.0,0.0,0.0,0.0,0.0,0.0,0.0,0.0,2582.0,0.790232,traces/gcc_trace.txt
traces/gcc_trace.txt,32,1048576,32768,0,0,0,0,63640.0,544.0,36360.0,2038.0,0.0258,0.0,0.0,0.0,0.0,0.0,0.0,0.0,0.0,0.0,0.0,0.0,2582.0,0.790232,traces/gcc_trace.txt
traces/gcc_trace.txt,32,1024,1,0,0,0,0,63640.0,12300.0,36360.0,7046.0,0.1935,8359.0,0.0,0.0,0.0,0.0,0.0,0.0,0.0,0.0,0.0,0.0,27705.0,4.159796,traces/gcc_trace.txt
traces/gcc_trace.txt,32,1024,2,0,0,0,0,63640.0,9623.0,36360.0,5980.0,0.156,7002.0,0.0,0.0,0.0,0.0,0.0,0.0,0.0,0.0,0.0,0.0,22605.0,3.4074530000000003,traces/gcc_trace.txt
traces/gcc_trace.txt,32,1024,4,0,0,0,0,63640.0,8449.0,36360.0,5821.0,0.1427,6689.0,0.0,0.0,0.0,0.0,0.0,0.0,0.0,0.0,0.0,0.0,20959.0,3.13952,traces/gcc_trace.txt
traces/gcc_trace.txt,32,1024,8,0,0,0,0,63640.0,7972.0,36360.0,5655.0,0.1363,6509.0,0.0,0.0,0.0,0.0,0.0,0.0,0.0,0.0,0.0,0.0,20136.0,3.0102770000000003,traces/gcc_trace.txt
traces/gcc_trace.txt,32,2048,1,0,0,0,0,63640.0,8905.0,36360.0,5869.0,0.1477,6713.0,0.0,0.0,0.0,0.0,0.0,0.0,0.0,0.0,0.0,0.0,21487.0,3.240824000000001,traces/gcc_trace.txt
traces/gcc_trace.txt,32,2048,2,0,0,0,0,63640.0,5994.0,36360.0,4720.0,0.1071,5391.0,0.0,0.0,0.0,0.0,0.0,0.0,0.0,0.0,0.0,0.0,16105.0,2.4247639999999997,traces/gcc_trace.txt
traces/gcc_trace.txt,32,2048,4,0,0,0,0,63640.0,5170.0,36360.0,4452.0,0.0962,4942.0,0.0,0.0,0.0,0.0,0.0,0.0,0.0,0.0,0.0,0.0,14564.0,2.205272,traces/gcc_trace.txt
traces/gcc_trace.txt,32,2048,8,0,0,0,0,63640.0,4744.0,36360.0,4325.0,0.0907,4788.0,0.0,0.0,0.0,0.0,0.0,0.0,0.0,0.0,0.0,0.0,13857.0,2.094119,traces/gcc_trace.txt
traces/gcc_trace.txt,32,4096,1,0,0,0,0,63640.0,5883.0,36360.0,4134.0,0.1002,4675.0,0.0,0.0,0.0,0.0,0.0,0.0,0.0,0.0,0.0,0.0,14692.0,2.284667,traces/gcc_trace.txt
traces/gcc_trace.txt,32,4096,2,0,0,0,0,63640.0,4000.0,36360.0,3528.0,0.0753,3962.0,0.0,0.0,0.0,0.0,0.0,0.0,0.0,0.0,0.0,0.0,11490.0,1.784378,traces/gcc_trace.txt
traces/gcc_trace.txt,32,4096,4,0,0,0,0,63640.0,2941.0,36360.0,3051.0,0.0599,3369.0,0.0,0.0,0.0,0.0,0.0,0.0,0.0,0.0,0.0,0.0,9361.0,1.4756420000000001,traces/gcc_trace.txt
traces/gcc_trace.txt,32,4096,8,0,0,0,0,63640.0,2567.0,36360.0,2798.0,0.0537,3056.0,0.0,0.0,0.0,0.0,0.0,0.0,0.0,0.0,0.0,0.0,8421.0,1.3496150000000002,traces/gcc_trace.txt
traces/gcc_trace.txt,32,8192,1,0,0,0,0,63640.0,3327.0,36360.0,3373.0,0.067,3574.0,0.0,0.0,0.0,0.0,0.0,0.0,0.0,0.0,0.0,0.0,10274.0,1.6179500000000002,traces/gcc_trace.txt
traces/gcc_trace.txt,32,8192,2,0,0,0,0,63640.0,2184.0,36360.0,2550.0,0.0473,2666.0,0.0,0.0,0.0,0.0,0.0,0.0,0.0,0.0,0.0,0.0,7400.0,1.222784,traces/gcc_trace.txt
traces/gcc_trace.txt,32,8192,4,0,0,0,0,63640.0,1844.0,36360.0,2403.0,0.0425,2496.0,0.0,0.0,0.0,0.0,0.0,0.0,0.0,0.0,0.0,0.0,6743.0,1.124897,traces/gcc_trace.txt
traces/gcc_trace.txt,32,8192,8,0,0,0,0,63640.0,1643.0,36360.0,2311.0,0.0395,2397.0,0.0,0.0,0.0,0.0,0.0,0.0,0.0,0.0,0.0,0.0,6351.0,1.066004,traces/gcc_trace.txt
traces/gcc_trace.txt,32,16384,1,0,0,0,0,63640.0,1932.0,36360.0,2677.0,0.0461,2503.0,0.0,0.0,0.0,0.0,0.0,0.0,0.0,0.0,0.0,0.0,7112.0,1.197659,traces/gcc_trace.txt
traces/gcc_trace.txt,32,16384,2,0,0,0,0,63640.0,1161.0,36360.0,2223.0,0.0338,1965.0,0.0,0.0,0.0,0.0,0.0,0.0,0.0,0.0,0.0,0.0,5349.0,0.9514340000000001,traces/gcc_trace.txt
traces/gcc_trace.txt,32,16384,4,0,0,0,0,63640.0,741.0,36360.0,2091.0,0.0283,1782.0,0.0,0.0,0.0,0.0,0.0,0.0,0.0,0.0,0.0,0.0,4614.0,0.8404820000000001,traces/gcc_trace.txt
traces/gcc_trace.txt,32,16384,8,0,0,0,0,63640.0,681.0,36360.0,2093.0,0.0277,1773.0,0.0,0.0,0.0,0.0,0.0,0.0,0.0,0.0,0.0,0.0,4547.0,0.828824,traces/gcc_trace.txt
traces/gcc_trace.txt,32,32768,1,0,0,0,0,63640.0,1356.0,36360.0,2412.0,0.0377,1696.0,0.0,0.0,0.0,0.0,0.0,0.0,0.0,0.0,0.0,0.0,5464.0,1.028618,traces/gcc_trace.txt
traces/gcc_trace.txt,32,32768,2,0,0,0,0,63640.0,752.0,36360.0,2129.0,0.0288,1324.0,0.0,0.0,0.0,0.0,0.0,0.0,0.0,0.0,0.0,0.0,4205.0,0.8503310000000001,traces/gcc_trace.txt
traces/gcc_trace.txt,32,32768,4,0,0,0,0,63640.0,570.0,36360.0,2070.0,0.0264,1236.0,0.0,0.0,0.0,0.0,0.0,0.0,0.0,0.0,0.0,0.0,3876.0,0.80189,traces/gcc_trace.txt
traces/gcc_trace.txt,32,32768,8,0,0,0,0,63640.0,554.0,36360.0,2071.0,0.0262,1234.0,0.0,0.0,0.0,0.0,0.0,0.0,0.0,0.0,0.0,0.0,3859.0,0.798875,traces/gcc_trace.txt
traces/gcc_trace.txt,32,65536,1,0,0,0,0,63640.0,986.0,36360.0,2306.0,0.0329,1282.0,0.0,0.0,0.0,0.0,0.0,0.0,0.0,0.0,0.0,0.0,4574.0,0.932942,traces/gcc_trace.txt
traces/gcc_trace.txt,32,65536,2,0,0,0,0,63640.0,639.0,36360.0,2074.0,0.0271,516.0,0.0,0.0,0.0,0.0,0.0,0.0,0.0,0.0,0.0,0.0,3229.0,0.816563,traces/gcc_trace.txt
traces/gcc_trace.txt,32,65536,4,0,0,0,0,63640.0,547.0,36360.0,2048.0,0.026,411.0,0.0,0.0,0.0,0.0,0.0,0.0,0.0,0.0,0.0,0.0,3006.0,0.792845,traces/gcc_trace.txt
traces/gcc_trace.txt,32,65536,8,0,0,0,0,63640.0,545.0,36360.0,2044.0,0.0259,290.0,0.0,0.0,0.0,0.0,0.0,0.0,0.0,0.0,0.0,0.0,2879.0,0.791639,traces/gcc_trace.txt
traces/gcc_trace.txt,32,131072,1,0,0,0,0,63640.0,937.0,36360.0,2296.0,0.0323,926.0,0.0,0.0,0.0,0.0,0.0,0.0,0.0,0.0,0.0,0.0,4159.0,0.921083,traces/gcc_trace.txt
traces/gcc_trace.txt,32,131072,2,0,0,0,0,63640.0,544.0,36360.0,2046.0,0.0259,303.0,0.0,0.0,0.0,0.0,0.0,0.0,0.0,0.0,0.0,0.0,2893.0,0.79184,traces/gcc_trace.txt
traces/gcc_trace.txt,32,131072,4,0,0,0,0,63640.0,544.0,36360.0,2038.0,0.0258,26.0,0.0,0.0,0.0,0.0,0.0,0.0,0.0,0.0,0.0,0.0,2608.0,0.790232,traces/gcc_trace.txt
traces/gcc_trace.txt,32,131072,8,0,0,0,0,63640.0,544.0,36360.0,2038.0,0.0258,4.0,0.0,0.0,0.0,0.0,0.0,0.0,0.0,0.0,0.0,0.0,2586.0,0.790232,traces/gcc_trace.txt
traces/gcc_trace.txt,32,262144,1,0,0,0,0,63640.0,544.0,36360.0,2040.0,0.0258,65.0,0.0,0.0,0.0,0.0,0.0,0.0,0.0,0.0,0.0,0.0,2649.0,0.790634,traces/gcc_trace.txt
traces/gcc_trace.txt,32,262144,2,0,0,0,0,63640.0,544.0,36360.0,2040.0,0.0258,55.0,0.0,0.0,0.0,0.0,0.0,0.0,0.0,0.0,0.0,0.0,2639.0,0.790634,traces/gcc_trace.txt
traces/gcc_trace.txt,32,262144,4,0,0,0,0,63640.0,544.0,36360.0,2038.0,0.0258,1.0,0.0,0.0,0.0,0.0,0.0,0.0,0.0,0.0,0.0,0.0,2583.0,0.790232,traces/gcc_trace.txt
traces/gcc_trace.txt,32,262144,8,0,0,0,0,63640.0,544.0,36360.0,2038.0,0.0258,0.0,0.0,0.0,0.0,0.0,0.0,0.0,0.0,0.0,0.0,0.0,2582.0,0.790232,traces/gcc_trace.txt
traces/gcc_trace.txt,32,524288,1,0,0,0,0,63640.0,544.0,36360.0,2040.0,0.0258,65.0,0.0,0.0,0.0,0.0,0.0,0.0,0.0,0.0,0.0,0.0,2649.0,0.790634,traces/gcc_trace.txt
traces/gcc_trace.txt,32,524288,2,0,0,0,0,63640.0,544.0,36360.0,2038.0,0.0258,0.0,0.0,0.0,0.0,0.0,0.0,0.0,0.0,0.0,0.0,0.0,2582.0,0.790232,traces/gcc_trace.txt
traces/gcc_trace.txt,32,524288,4,0,0,0,0,63640.0,544.0,36360.0,2038.0,0.0258,0.0,0.0,0.0,0.0,0.0,0.0,0.0,0.0,0.0,0.0,0.0,2582.0,0.790232,traces/gcc_trace.txt
traces/gcc_trace.txt,32,524288,8,0,0,0,0,63640.0,544.0,36360.0,2038.0,0.0258,0.0,0.0,0.0,0.0,0.0,0.0,0.0,0.0,0.0,0.0,0.0,2582.0,0.790232,traces/gcc_trace.txt
traces/gcc_trace.txt,32,1048576,1,0,0,0,0,63640.0,544.0,36360.0,2040.0,0.0258,54.0,0.0,0.0,0.0,0.0,0.0,0.0,0.0,0.0,0.0,0.0,2638.0,0.790634,traces/gcc_trace.txt
traces/gcc_trace.txt,32,1048576,2,0,0,0,0,63640.0,544.0,36360.0,2038.0,0.0258,0.0,0.0,0.0,0.0,0.0,0.0,0.0,0.0,0.0,0.0,0.0,2582.0,0.790232,traces/gcc_trace.txt
traces/gcc_trace.txt,32,1048576,4,0,0,0,0,63640.0,544.0,36360.0,2038.0,0.0258,0.0,0.0,0.0,0.0,0.0,0.0,0.0,0.0,0.0,0.0,0.0,2582.0,0.790232,traces/gcc_trace.txt
traces/gcc_trace.txt,32,1048576,8,0,0,0,0,63640.0,544.0,36360.0,2038.0,0.0258,0.0,0.0,0.0,0.0,0.0,0.0,0.0,0.0,0.0,0.0,0.0,2582.0,0.790232,traces/gcc_trace.txt
traces/gcc_trace.txt,32,1024,1,16384,8,0,0,63640.0,12300.0,36360.0,7046.0,0.1935,8359.0,19346.0,2774.0,0.0,0.0,8359.0,0.0,0.1434,1773.0,0.0,0.0,4547.0,0.9176076305,traces/gcc_trace.txt
traces/gcc_trace.txt,32,1024,2,16384,8,0,0,63640.0,9623.0,36360.0,5980.0,0.156,7002.0,15603.0,2770.0,0.0,0.0,7002.0,0.0,0.1775,1768.0,0.0,0.0,4538.0,0.89962606775,traces/gcc_trace.txt
traces/gcc_trace.txt,32,1024,4,16384,8,0,0,63640.0,8449.0,36360.0,5821.0,0.1427,6689.0,14270.0,2770.0,0.0,0.0,6689.0,0.0,0.1941,1768.0,0.0,0.0,4538.0,0.8935085975,traces/gcc_trace.txt
traces/gcc_trace.txt,32,1024,8,16384,8,0,0,63640.0,7972.0,36360.0,5655.0,0.1363,6509.0,13627.0,2774.0,0.0,0.0,6509.0,0.0,0.2036,1771.0,0.0,0.0,4545.0,0.89136170975,traces/gcc_trace.txt
traces/gcc_trace.txt,32,2048,1,16384,8,0,0,63640.0,8905.0,36360.0,5869.0,0.1477,6713.0,14774.0,2774.0,0.0,0.0,6713.0,0.0,0.1878,1773.0,0.0,0.0,4547.0,0.8966255795,traces/gcc_trace.txt
traces/gcc_trace.txt,32,2048,2,16384,8,0,0,63640.0,5994.0,36360.0,4720.0,0.1071,5391.0,10714.0,2770.0,0.0,0.0,5391.0,0.0,0.2585,1768.0,0.0,0.0,4538.0,0.8771892244999999,traces/gcc_trace.txt
traces/gcc_trace.txt,32,2048,4,16384,8,0,0,63640.0,5170.0,36360.0,4452.0,0.0962,4942.0,9622.0,2770.0,0.0,0.0,4942.0,3.0,0.2879,1767.0,0.0,0.0,4540.0,0.8721777635,traces/gcc_trace.txt
traces/gcc_trace.txt,32,2048,8,16384,8,0,0,63640.0,4744.0,36360.0,4325.0,0.0907,4788.0,9069.0,2769.0,0.0,0.0,4788.0,3.0,0.3053,1763.0,0.0,0.0,4535.0,0.86943890825,traces/gcc_trace.txt
traces/gcc_trace.txt,32,4096,1,16384,8,0,0,63640.0,5883.0,36360.0,4134.0,0.1002,4675.0,10017.0,2768.0,0.0,0.0,4675.0,0.0,0.2763,1766.0,0.0,0.0,4534.0,0.8735885172500001,traces/gcc_trace.txt
traces/gcc_trace.txt,32,4096,2,16384,8,0,0,63640.0,4000.0,36360.0,3528.0,0.0753,3962.0,7528.0,2776.0,0.0,0.0,3962.0,0.0,0.3688,1767.0,0.0,0.0,4543.0,0.863773874,traces/gcc_trace.txt
traces/gcc_trace.txt,32,4096,4,16384,8,0,0,63640.0,2941.0,36360.0,3051.0,0.0599,3369.0,5992.0,2755.0,0.0,0.0,3369.0,15.0,0.4598,1769.0,0.0,0.0,4539.0,0.8525037860000001,traces/gcc_trace.txt
traces/gcc_trace.txt,32,4096,8,16384,8,0,0,63640.0,2567.0,36360.0,2798.0,0.0537,3056.0,5365.0,2753.0,0.0,0.0,3056.0,21.0,0.5131,1767.0,0.0,0.0,4541.0,0.84922432625,traces/gcc_trace.txt
traces/gcc_trace.txt,32,8192,1,16384,8,0,0,63640.0,3327.0,36360.0,3373.0,0.067,3574.0,6700.0,2658.0,0.0,0.0,3574.0,341.0,0.3967,1697.0,0.0,0.0,4696.0,0.836255975,traces/gcc_trace.txt
traces/gcc_trace.txt,32,8192,2,16384,8,0,0,63640.0,2184.0,36360.0,2550.0,0.0473,2666.0,4734.0,2705.0,0.0,0.0,2666.0,88.0,0.5714,1736.0,0.0,0.0,4529.0,0.8366805095000001,traces/gcc_trace.txt
traces/gcc_trace.txt,32,8192,4,16384,8,0,0,63640.0,1844.0,36360.0,2403.0,0.0425,2496.0,4247.0,2744.0,0.0,0.0,2496.0,59.0,0.6461,1757.0,0.0,0.0,4560.0,0.84228454475,traces/gcc_trace.txt
traces/gcc_trace.txt,32,8192,8,16384,8,0,0,63640.0,1643.0,36360.0,2311.0,0.0395,2397.0,3954.0,2648.0,0.0,0.0,2397.0,333.0,0.6697,1749.0,0.0,0.0,4730.0,0.8216438945,traces/gcc_trace.txt
traces/gcc_trace.txt,16,1024,4,0,0,0,0,63640.0,7177.0,36360.0,7554.0,0.1473,8271.0,0.0,0.0,0.0,0.0,0.0,0.0,0.0,0.0,0.0,0.0,23002.0,3.2321809999999997,traces/gcc_trace.txt
traces/gcc_trace.txt,16,2048,4,0,0,0,0,63640.0,4699.0,36360.0,5922.0,0.1062,6339.0,0.0,0.0,0.0,0.0,0.0,0.0,0.0,0.0,0.0,0.0,16960.0,2.406071,traces/gcc_trace.txt
traces/gcc_trace.txt,16,4096,4,0,0,0,0,63640.0,2931.0,36360.0,4623.0,0.0755,4826.0,0.0,0.0,0.0,0.0,0.0,0.0,0.0,0.0,0.0,0.0,12380.0,1.789604,traces/gcc_trace.txt
traces/gcc_trace.txt,16,8192,4,0,0,0,0,63640.0,1739.0,36360.0,4206.0,0.0595,4050.0,0.0,0.0,0.0,0.0,0.0,0.0,0.0,0.0,0.0,0.0,9995.0,1.4661950000000001,traces/gcc_trace.txt
traces/gcc_trace.txt,16,16384,4,0,0,0,0,63640.0,840.0,36360.0,3983.0,0.0482,3200.0,0.0,0.0,0.0,0.0,0.0,0.0,0.0,0.0,0.0,0.0,8023.0,1.2406730000000001,traces/gcc_trace.txt
traces/gcc_trace.txt,16,32768,4,0,0,0,0,63640.0,790.0,36360.0,3964.0,0.0475,2165.0,0.0,0.0,0.0,0.0,0.0,0.0,0.0,0.0,0.0,0.0,6919.0,1.226804,traces/gcc_trace.txt
traces/gcc_trace.txt,32,1024,4,0,0,0,0,63640.0,8449.0,36360.0,5821.0,0.1427,6689.0,0.0,0.0,0.0,0.0,0.0,0.0,0.0,0.0,0.0,0.0,20959.0,3.13952,traces/gcc_trace.txt
traces/gcc_trace.txt,32,2048,4,0,0,0,0,63640.0,5170.0,36360.0,4452.0,0.0962,4942.0,0.0,0.0,0.0,0.0,0.0,0.0,0.0,0.0,0.0,0.0,14564.0,2.205272,traces/gcc_trace.txt
traces/gcc_trace.txt,32,4096,4,0,0,0,0,63640.0,2941.0,36360.0,3051.0,0.0599,3369.0,0.0,0.0,0.0,0.0,0.0,0.0,0.0,0.0,0.0,0.0,9361.0,1.4756420000000001,traces/gcc_trace.txt
traces/gcc_trace.txt,32,8192,4,0,0,0,0,63640.0,1844.0,36360.0,2403.0,0.0425,2496.0,0.0,0.0,0.0,0.0,0.0,0.0,0.0,0.0,0.0,0.0,6743.0,1.124897,traces/gcc_trace.txt
traces/gcc_trace.txt,32,16384,4,0,0,0,0,63640.0,741.0,36360.0,2091.0,0.0283,1782.0,0.0,0.0,0.0,0.0,0.0,0.0,0.0,0.0,0.0,0.0,4614.0,0.8404820000000001,traces/gcc_trace.txt
traces/gcc_trace.txt,32,32768,4,0,0,0,0,63640.0,570.0,36360.0,2070.0,0.0264,1236.0,0.0,0.0,0.0,0.0,0.0,0.0,0.0,0.0,0.0,0.0,3876.0,0.80189,traces/gcc_trace.txt
traces/gcc_trace.txt,64,1024,4,0,0,0,0,63640.0,10680.0,36360.0,5159.0,0.1584,6362.0,0.0,0.0,0.0,0.0,0.0,0.0,0.0,0.0,0.0,0.0,22201.0,3.4548890000000005,traces/gcc_trace.txt
traces/gcc_trace.txt,64,2048,4,0,0,0,0,63640.0,6496.0,36360.0,3830.0,0.1033,4523.0,0.0,0.0,0.0,0.0,0.0,0.0,0.0,0.0,0.0,0.0,14849.0,2.346776,traces/gcc_trace.txt
traces/gcc_trace.txt,64,4096,4,0,0,0,0,63640.0,3576.0,36360.0,2613.0,0.0619,3011.0,0.0,0.0,0.0,0.0,0.0,0.0,0.0,0.0,0.0,0.0,9200.0,1.515239,traces/gcc_trace.txt
traces/gcc_trace.txt,64,8192,4,0,0,0,0,63640.0,2138.0,36360.0,1721.0,0.0386,1943.0,0.0,0.0,0.0,0.0,0.0,0.0,0.0,0.0,0.0,0.0,5802.0,1.0469089999999999,traces/gcc_trace.txt
traces/gcc_trace.txt,64,16384,4,0,0,0,0,63640.0,840.0,36360.0,1205.0,0.0204,1150.0,0.0,0.0,0.0,0.0,0.0,0.0,0.0,0.0,0.0,0.0,3195.0,0.682295,traces/gcc_trace.txt
traces/gcc_trace.txt,64,32768,4,0,0,0,0,63640.0,448.0,36360.0,1110.0,0.0156,751.0,0.0,0.0,0.0,0.0,0.0,0.0,0.0,0.0,0.0,0.0,2309.0,0.584408,traces/gcc_trace.txt
traces/gcc_trace.txt,128,1024,4,0,0,0,0,63640.0,14675.0,36360.0,5688.0,0.2036,7291.0,0.0,0.0,0.0,0.0,0.0,0.0,0.0,0.0,0.0,0.0,27654.0,4.364213,traces/gcc_trace.txt
traces/gcc_trace.txt,128,2048,4,0,0,0,0,63640.0,9363.0,36360.0,3974.0,0.1334,5108.0,0.0,0.0,0.0,0.0,0.0,0.0,0.0,0.0,0.0,0.0,18445.0,2.951987,traces/gcc_trace.txt
traces/gcc_trace.txt,128,4096,4,0,0,0,0,63640.0,5563.0,36360.0,2740.0,0.083,3313.0,0.0,0.0,0.0,0.0,0.0,0.0,0.0,0.0,0.0,0.0,11616.0,1.9401530000000002,traces/gcc_trace.txt
traces/gcc_trace.txt,128,8192,4,0,0,0,0,63640.0,3101.0,36360.0,1734.0,0.0483,2092.0,0.0,0.0,0.0,0.0,0.0,0.0,0.0,0.0,0.0,0.0,6927.0,1.243085,traces/gcc_trace.txt
traces/gcc_trace.txt,128,16384,4,0,0,0,0,63640.0,1175.0,36360.0,807.0,0.0198,921.0,0.0,0.0,0.0,0.0,0.0,0.0,0.0,0.0,0.0,0.0,2903.0,0.669632,traces/gcc_trace.txt
traces/gcc_trace.txt,128,32768,4,0,0,0,0,63640.0,470.0,36360.0,637.0,0.0111,540.0,0.0,0.0,0.0,0.0,0.0,0.0,0.0,0.0,0.0,0.0,1647.0,0.493757,traces/gcc_trace.txt
traces/gcc_trace.txt,32,1024,4,16384,8,0,0,63640.0,8449.0,36360.0,5821.0,0.1427,6689.0,14270.0,2770.0,0.0,0.0,6689.0,0.0,0.1941,1768.0,0.0,0.0,4538.0,0.8935085975,traces/gcc_trace.txt
traces/gcc_trace.txt,32,2048,4,16384,8,0,0,63640.0,5170.0,36360.0,4452.0,0.0962,4942.0,9622.0,2770.0,0.0,0.0,4942.0,3.0,0.2879,1767.0,0.0,0.0,4540.0,0.8721777635,traces/gcc_trace.txt
traces/gcc_trace.txt,32,4096,4,16384,8,0,0,63640.0,2941.0,36360.0,3051.0,0.0599,3369.0,5992.0,2755.0,0.0,0.0,3369.0,15.0,0.4598,1769.0,0.0,0.0,4539.0,0.8525037860000001,traces/gcc_trace.txt
traces/gcc_trace.txt,32,8192,4,16384,8,0,0,63640.0,1844.0,36360.0,2403.0,0.0425,2496.0,4247.0,2744.0,0.0,0.0,2496.0,59.0,0.6461,1757.0,0.0,0.0,4560.0,0.84228454475,traces/gcc_trace.txt
traces/gcc_trace.txt,32,1024,4,32768,8,0,0,63640.0,8449.0,36360.0,5821.0,0.1427,6689.0,14270.0,2625.0,0.0,0.0,6689.0,0.0,0.184,1234.0,0.0,0.0,3859.0,0.8643635975,traces/gcc_trace.txt
traces/gcc_trace.txt,32,2048,4,32768,8,0,0,63640.0,5170.0,36360.0,4452.0,0.0962,4942.0,9622.0,2625.0,0.0,0.0,4942.0,0.0,0.2728,1234.0,0.0,0.0,3859.0,0.8430327635,traces/gcc_trace.txt
traces/gcc_trace.txt,32,4096,4,32768,8,0,0,63640.0,2941.0,36360.0,3051.0,0.0599,3369.0,5992.0,2625.0,0.0,0.0,3369.0,0.0,0.4381,1234.0,0.0,0.0,3859.0,0.826373786,traces/gcc_trace.txt
traces/gcc_trace.txt,32,8192,4,32768,8,0,0,63640.0,1844.0,36360.0,2403.0,0.0425,2496.0,4247.0,2625.0,0.0,0.0,2496.0,2.0,0.6181,1234.0,0.0,0.0,3861.0,0.81836554475,traces/gcc_trace.txt
traces/gcc_trace.txt,32,1024,4,65536,8,0,0,63640.0,8449.0,36360.0,5821.0,0.1427,6689.0,14270.0,2589.0,0.0,0.0,6689.0,0.0,0.1814,290.0,0.0,0.0,2879.0,0.8571275975,traces/gcc_trace.txt
traces/gcc_trace.txt,32,2048,4,65536,8,0,0,63640.0,5170.0,36360.0,4452.0,0.0962,4942.0,9622.0,2589.0,0.0,0.0,4942.0,0.0,0.2691,289.0,0.0,0.0,2878.0,0.8357967635,traces/gcc_trace.txt
traces/gcc_trace.txt,32,4096,4,65536,8,0,0,63640.0,2941.0,36360.0,3051.0,0.0599,3369.0,5992.0,2592.0,0.0,0.0,3369.0,0.0,0.4326,284.0,0.0,0.0,2876.0,0.819740786,traces/gcc_trace.txt
traces/gcc_trace.txt,32,8192,4,65536,8,0,0,63640.0,1844.0,36360.0,2403.0,0.0425,2496.0,4247.0,2593.0,0.0,0.0,2496.0,0.0,0.6105,276.0,0.0,0.0,2869.0,0.81193354475,traces/gcc_trace.txt
